snr,n,auc,auc_ci_lo,auc_ci_hi,ap,ap_ci_lo,ap_ci_hi,brier,brier_ci_lo,brier_ci_hi,f1,f1_ci_lo,f1_ci_hi
2.0,21,1.0,1.0,1.0,1.0,0.9999999999999999,1.0,0.04364355595072979,0.015870213718391486,0.07963867747481036,0.9600000000000001,0.888888888888889,1.0
3.0,23,1.0,1.0,1.0,0.9999999999999998,0.9999999999999998,1.0,0.020423477708593884,0.010536376481469741,0.034854110569091365,1.0,1.0,1.0
4.0,14,1.0,0.9999999999999999,1.0,1.0,1.0,1.0,0.00773833461391372,0.0023263318952008354,0.012728906631660021,1.0,1.0,1.0
5.0,20,1.0,0.9999999999999999,1.0,1.0,1.0,1.0,0.017546015779957538,0.01087160575269721,0.026889159206660625,1.0,1.0,1.0
6.0,21,1.0,1.0,1.0,0.9999999999999999,0.9999999999999999,1.0,0.009990660889506175,0.005456574093387557,0.015168893180986534,1.0,1.0,1.0
8.0,19,1.0,1.0,1.0,1.0,1.0,1.0,0.009102381387309816,0.00550290515829886,0.013002430264624474,1.0,1.0,1.0
10.0,32,1.0,1.0,1.0,1.0,1.0,1.0,0.004640326513302221,0.002759433850753897,0.006652554097044172,1.0,1.0,1.0
