snr,n,auc,auc_ci_lo,auc_ci_hi,ap,ap_ci_lo,ap_ci_hi,brier,brier_ci_lo,brier_ci_hi,f1,f1_ci_lo,f1_ci_hi
2.0,21,1.0,1.0,1.0,1.0,0.9999999999999999,1.0,0.09527513227513226,0.07006929894179893,0.12746794973544975,0.923076923076923,0.8275862068965517,1.0
3.0,23,1.0,0.9999999999999999,1.0,1.0,0.9999999999999999,1.0,0.021626570048309174,0.015216545893719806,0.028406159420289855,1.0,1.0,1.0
4.0,14,1.0,1.0,1.0,1.0,1.0,1.0,0.0017928571428571418,1.428571428571431e-05,0.005299206349206347,1.0,1.0,1.0
5.0,20,1.0,0.9999999999999999,1.0,1.0,1.0,1.0,0.001001111111111111,7.298611111111112e-05,0.0021762500000000002,1.0,1.0,1.0
6.0,21,1.0,1.0,1.0,1.0,1.0,1.0,4.761904761904762e-06,2.5132275132275214e-07,1.1111111111111113e-05,1.0,1.0,1.0
8.0,19,1.0,1.0,1.0,1.0,1.0,1.0,5.84795321637427e-07,0.0,1.7543859649122812e-06,1.0,1.0,1.0
10.0,32,1.0,1.0,1.0,1.0,1.0,1.0,0.0,0.0,0.0,1.0,1.0,1.0
