snr,n,auc,auc_ci_lo,auc_ci_hi,ap,ap_ci_lo,ap_ci_hi,brier,brier_ci_lo,brier_ci_hi,f1,f1_ci_lo,f1_ci_hi
2.0,21,1.0,1.0,1.0,1.0,0.9999999999999999,1.0,0.10758624338624341,0.08557079365079365,0.13287854497354495,0.9600000000000001,0.888888888888889,1.0
3.0,23,1.0,1.0,1.0,1.0,0.9999999999999998,1.0,0.04870144927536231,0.036658031400966185,0.06186846618357488,1.0,1.0,1.0
4.0,14,1.0,0.9999999999999999,1.0,1.0,1.0,1.0,0.005749206349206349,0.00013208333333333312,0.012302738095238082,1.0,1.0,1.0
5.0,20,1.0,0.9999999999999999,1.0,1.0,1.0,1.0,0.0048222222222222225,0.0028424027777777783,0.006729527777777778,1.0,1.0,1.0
6.0,21,1.0,1.0,1.0,1.0,1.0,1.0,0.000893121693121693,2.1164021164021067e-06,0.002226732804232804,1.0,1.0,1.0
8.0,19,1.0,1.0,1.0,1.0,1.0,1.0,0.0009836257309941518,0.0,0.00245906432748538,1.0,1.0,1.0
10.0,32,1.0,1.0,1.0,1.0,1.0,1.0,6.944444444444375e-07,0.0,1.7361111111110972e-06,1.0,1.0,1.0
