snr,n,auc,auc_ci_lo,auc_ci_hi,ap,ap_ci_lo,ap_ci_hi,brier,brier_ci_lo,brier_ci_hi,f1,f1_ci_lo,f1_ci_hi
2.0,21,0.9444444444444444,0.7909722222222223,1.0,0.9510602823102824,0.8513264513264513,1.0,0.21499668824737816,0.1735416011635527,0.25011799310300675,0.2857142857142857,0.0,0.5882352941176471
3.0,23,1.0,1.0,1.0,0.9999999999999998,0.9999999999999998,1.0,0.05683472465781191,0.023803330823633805,0.09669051430483455,0.8695652173913044,0.7000000000000001,1.0
4.0,14,1.0,0.9999999999999999,1.0,1.0,1.0,1.0,0.004199932868160402,0.0005216837157797594,0.010696501297008849,1.0,1.0,1.0
5.0,20,1.0,0.9999999999999999,1.0,1.0,1.0,1.0,0.0006865426977625756,0.0002576797410723441,0.0013158972156993066,1.0,1.0,1.0
6.0,21,1.0,1.0,1.0,0.9999999999999999,0.9999999999999999,1.0,0.00020781333107987513,9.156331000743267e-05,0.00037310639589266143,1.0,1.0,1.0
8.0,19,1.0,1.0,1.0,1.0,1.0,1.0,0.0001616140216274658,7.68696544460096e-05,0.00027668489204074164,1.0,1.0,1.0
10.0,32,1.0,1.0,1.0,1.0,1.0,1.0,9.341548621991165e-05,4.269901568481463e-05,0.00018113663050864923,1.0,1.0,1.0
