snr,n,auc,auc_ci_lo,auc_ci_hi,ap,ap_ci_lo,ap_ci_hi,brier,brier_ci_lo,brier_ci_hi,f1,f1_ci_lo,f1_ci_hi
2.0,21,1.0,1.0,1.0,1.0,0.9999999999999999,1.0,0.0529710949668482,0.022733534546388323,0.09182639922577157,0.923076923076923,0.8275862068965517,1.0
3.0,23,1.0,1.0,1.0,0.9999999999999998,0.9999999999999998,1.0,0.026314907835204716,0.014806316064420384,0.043347903556493365,1.0,1.0,1.0
4.0,14,1.0,0.9999999999999999,1.0,1.0,1.0,1.0,0.010161334010272144,0.003835431237496049,0.016147055105987383,1.0,1.0,1.0
5.0,20,1.0,0.9999999999999999,1.0,1.0,1.0,1.0,0.02310059208040828,0.015130038822178823,0.03393104493803868,1.0,1.0,1.0
6.0,21,1.0,1.0,1.0,0.9999999999999999,0.9999999999999999,1.0,0.013549841970885722,0.007851978262883565,0.019994409750368144,1.0,1.0,1.0
8.0,19,1.0,1.0,1.0,1.0,1.0,1.0,0.012982661173316363,0.00823438495667246,0.018188813003540572,1.0,1.0,1.0
10.0,32,1.0,1.0,1.0,1.0,1.0,1.0,0.006872257093688979,0.004247178410696444,0.009542629063715512,1.0,1.0,1.0
