snr,n,auc,auc_ci_lo,auc_ci_hi,ap,ap_ci_lo,ap_ci_hi,brier,brier_ci_lo,brier_ci_hi,f1,f1_ci_lo,f1_ci_hi
2.0,21,0.9537037037037036,0.8148148148148149,1.0,0.9614769489769491,0.8632765151515154,1.0,0.1602973357952287,0.10726312487111975,0.20918672192697813,0.6666666666666666,0.4,0.8571428571428571
3.0,23,1.0,1.0,1.0,0.9999999999999998,0.9999999999999998,1.0,0.020773454533750096,0.007088575523062546,0.03763750998768864,1.0,1.0,1.0
4.0,14,1.0,0.9999999999999999,1.0,1.0,1.0,1.0,0.00036017261737189435,0.00012281520842756521,0.0007710637544997625,1.0,1.0,1.0
5.0,20,1.0,0.9999999999999999,1.0,1.0,1.0,1.0,0.0002657000775991512,7.327437490028336e-05,0.0005825177904188275,1.0,1.0,1.0
6.0,21,1.0,1.0,1.0,0.9999999999999999,0.9999999999999999,1.0,8.290826744345387e-05,4.01276678417208e-05,0.0001394533453539951,1.0,1.0,1.0
8.0,19,1.0,1.0,1.0,1.0,1.0,1.0,8.766071565253362e-05,4.127495499360641e-05,0.00014700273985261456,1.0,1.0,1.0
10.0,32,1.0,1.0,1.0,1.0,1.0,1.0,5.4602304525067574e-05,2.4101915567045307e-05,0.00010835646530566599,1.0,1.0,1.0
