snr,n,auc,auc_ci_lo,auc_ci_hi,ap,ap_ci_lo,ap_ci_hi,brier,brier_ci_lo,brier_ci_hi,f1,f1_ci_lo,f1_ci_hi
2.0,21,0.37962962962962965,0.16666666666666669,0.6296296296296295,0.5190594085137429,0.44540727909753647,0.7372760421785672,0.5714201475612982,0.5713812600296114,0.5714432979899986,0.0,0.0,0.0
3.0,23,0.44615384615384623,0.21903846153846154,0.7117307692307691,0.542129502790038,0.453730295705999,0.7875828157349894,0.5652163382083344,0.5652145025135599,0.5652175583430143,0.0,0.0,0.0
4.0,14,0.9166666666666666,0.6875,1.0,0.9583333333333333,0.8557692307692308,1.0,0.4936513419758892,0.36157727345045987,0.570781592267513,0.2222222222222222,0.0,0.5454545454545454
5.0,20,0.8020833333333333,0.5520833333333333,0.9583333333333334,0.7616529304029305,0.5443080357142858,0.9583333333333333,0.3013182696600378,0.1798090035190688,0.41134537231432744,0.36363636363636365,0.0,0.6666666666666666
6.0,21,0.9727272727272727,0.8909090909090909,1.0,0.9697979797979798,0.8889058441558443,1.0,0.170773140602078,0.04690672400648876,0.30240838760120514,0.7499999999999999,0.4615384615384615,0.9473684210526316
8.0,19,1.0,1.0,1.0,1.0,1.0,1.0,0.04556217633882239,5.158707907109144e-07,0.13668138416524028,0.9411764705882353,0.8421052631578948,1.0
10.0,32,1.0,1.0,1.0,1.0,1.0,1.0,0.03085622220727162,2.817649545761688e-07,0.0925670611065508,0.9714285714285714,0.9189189189189189,1.0
