snr,n,auc_base,auc_high,delta_auc,ap_base,ap_high,delta_ap,brier_base,brier_high,delta_brier,f1_base,f1_high,delta_f1
2.0,21,0.9814814814814815,0.37962962962962965,-0.6018518518518519,0.9880952380952382,0.5190594085137429,-0.46903582958149537,0.07935277335718587,0.5714201475612982,0.49206737420411234,0.9090909090909091,0.0,-0.9090909090909091
3.0,23,1.0,0.44615384615384623,-0.5538461538461538,0.9999999999999998,0.542129502790038,-0.45787049720996176,0.020706971394951246,0.5652163382083344,0.5445093668133831,1.0,0.0,-1.0
4.0,14,1.0,0.9166666666666666,-0.08333333333333337,1.0,0.9583333333333333,-0.04166666666666674,0.023780599257342255,0.4936513419758892,0.46987074271854695,1.0,0.2222222222222222,-0.7777777777777778
5.0,20,1.0,0.8020833333333333,-0.19791666666666674,1.0,0.7616529304029305,-0.23834706959706953,0.061506101974547686,0.3013182696600378,0.23981216768549007,0.8421052631578948,0.36363636363636365,-0.47846889952153115
6.0,21,0.9636363636363636,0.9727272727272727,0.009090909090909038,0.9572979797979798,0.9697979797979798,0.012499999999999956,0.08019696051601578,0.170773140602078,0.0905761800860622,0.8695652173913044,0.7499999999999999,-0.11956521739130455
8.0,19,1.0,1.0,0.0,1.0,1.0,0.0,0.11098199017652466,0.04556217633882239,-0.06541981383770226,0.8421052631578948,0.9411764705882353,0.09907120743034048
10.0,32,1.0,1.0,0.0,1.0,1.0,0.0,0.032137006542487766,0.03085622220727162,-0.0012807843352161466,0.9714285714285714,0.9714285714285714,0.0
