snr,n,auc_base,auc_high,delta_auc,ap_base,ap_high,delta_ap,brier_base,brier_high,delta_brier,f1_base,f1_high,delta_f1
2.0,21,0.9814814814814815,0.37037037037037035,-0.6111111111111112,0.9880952380952382,0.5269134009265588,-0.46118183716867944,0.07935277335718587,0.5698068011024975,0.4904540277453116,0.9090909090909091,0.0,-0.9090909090909091
3.0,23,1.0,0.5923076923076923,-0.4076923076923077,0.9999999999999998,0.6102441872508761,-0.38975581274912363,0.020706971394951246,0.5651812587877788,0.5444742873928275,1.0,0.0,-1.0
4.0,14,1.0,1.0,0.0,1.0,1.0,0.0,0.023780599257342255,0.35749345861672793,0.33371285935938566,1.0,0.4,-0.6
5.0,20,1.0,0.9583333333333333,-0.04166666666666674,1.0,0.9317956349206349,-0.06820436507936511,0.061506101974547686,0.057893455611899694,-0.003612646362647992,0.8421052631578948,0.9411764705882353,0.09907120743034048
6.0,21,0.9636363636363636,1.0,0.036363636363636376,0.9572979797979798,0.9999999999999999,0.042702020202020075,0.08019696051601578,0.01916503637916188,-0.061031924136853904,0.8695652173913044,0.9523809523809523,0.0828157349896479
8.0,19,1.0,1.0,0.0,1.0,1.0,0.0,0.11098199017652466,0.04988238652550009,-0.06109960365102457,0.8421052631578948,0.9411764705882353,0.09907120743034048
10.0,32,1.0,0.9803921568627452,-0.019607843137254832,1.0,0.9814720986433789,-0.01852790135662108,0.032137006542487766,0.03095613058233554,-0.0011808759601522265,0.9714285714285714,0.9714285714285714,0.0
