snr,n,auc,auc_ci_lo,auc_ci_hi,ap,ap_ci_lo,ap_ci_hi,brier,brier_ci_lo,brier_ci_hi,f1,f1_ci_lo,f1_ci_hi
2.0,21,0.37037037037037035,0.1618055555555556,0.6203703703703705,0.5269134009265588,0.44451130329830985,0.7368017193522706,0.5698068011024975,0.5611935105746403,0.5750720371036844,0.0,0.0,0.0
3.0,23,0.5923076923076923,0.3498076923076923,0.8461538461538461,0.6102441872508761,0.4944635725691451,0.8927968589381632,0.5651812587877788,0.5651175953437634,0.5652224459684018,0.0,0.0,0.0
4.0,14,1.0,0.9999999999999999,1.0,1.0,1.0,1.0,0.35749345861672793,0.20989004813933693,0.5058943840504649,0.4,0.0,0.7205128205128182
5.0,20,0.9583333333333333,0.8382812500000001,1.0,0.9317956349206349,0.769157196969697,1.0,0.057893455611899694,0.0014450982151743704,0.15747770661032326,0.9411764705882353,0.8421052631578948,1.0
6.0,21,1.0,1.0,1.0,0.9999999999999999,0.9999999999999999,1.0,0.01916503637916188,0.0001999163215635735,0.05707082466895265,0.9523809523809523,0.8695652173913044,1.0
8.0,19,1.0,1.0,1.0,1.0,1.0,1.0,0.04988238652550009,1.4688107455481678e-05,0.14959885171947246,0.9411764705882353,0.8421052631578948,1.0
10.0,32,0.9803921568627452,0.9176470588235294,1.0,0.9814720986433789,0.9277939658835672,1.0,0.03095613058233554,1.2022804692288307e-05,0.09283349913089663,0.9714285714285714,0.9189189189189189,1.0
