snr,n,auc,auc_ci_lo,auc_ci_hi,ap,ap_ci_lo,ap_ci_hi,brier,brier_ci_lo,brier_ci_hi,f1,f1_ci_lo,f1_ci_hi
2.0,21,0.4120370370370371,0.2222222222222222,0.6203703703703705,0.5511904761904761,0.5252728174603175,0.6785714285714286,0.5671489417989418,0.5575329398148148,0.572458869047619,0.0,0.0,0.0
3.0,23,0.7923076923076923,0.6095192307692309,0.9250961538461538,0.8194563890216064,0.675825469820035,0.9339181547271012,0.5471777777777779,0.5271745078502416,0.559888768115942,0.0,0.0,0.0
4.0,14,1.0,1.0,1.0,1.0,1.0,1.0,0.3778402777777778,0.27794600198412694,0.4657971527777777,0.2222222222222222,0.0,0.5454545454545454
5.0,20,1.0,0.9999999999999999,1.0,1.0,1.0,1.0,0.10353041666666667,0.04534953472222223,0.16018300694444443,0.6666666666666666,0.2222222222222222,0.9333333333333333
6.0,21,1.0,1.0,1.0,1.0,1.0,1.0,0.041155423280423285,0.015414179894179893,0.07053005952380952,0.9473684210526316,0.8235294117647058,1.0
8.0,19,1.0,1.0,1.0,1.0,1.0,1.0,0.021226315789473683,2.1564327485381136e-07,0.06367470760233919,0.9411764705882353,0.8421052631578948,1.0
10.0,32,0.9941176470588236,0.9705882352941176,1.0,0.9932718185313341,0.9725490196078431,1.0,0.03168845486111111,3.8845486111110983e-07,0.09452170138888888,0.9714285714285714,0.9189189189189189,1.0
