snr,n,auc,auc_ci_lo,auc_ci_hi,ap,ap_ci_lo,ap_ci_hi,brier,brier_ci_lo,brier_ci_hi,f1,f1_ci_lo,f1_ci_hi
2.0,21,0.37962962962962965,0.21979166666666666,0.5416666666666666,0.5654761904761904,0.5446428571428571,0.6616071428571421,0.564359656084656,0.5464797453703703,0.573945916005291,0.0,0.0,0.0
3.0,23,0.8346153846153846,0.6595192307692308,0.9615384615384616,0.8643756837736769,0.733368037689735,0.9665551839464883,0.5356911835748792,0.5072560114734299,0.5537172826086957,0.0,0.0,0.0
4.0,14,1.0,1.0,1.0,1.0,1.0,1.0,0.3102468253968254,0.21803898809523814,0.3977646081349206,0.2222222222222222,0.0,0.5454545454545454
5.0,20,1.0,0.9999999999999999,1.0,1.0,1.0,1.0,0.036716666666666675,0.012792774305555556,0.06391944444444445,1.0,1.0,1.0
6.0,21,1.0,1.0,1.0,1.0,0.9999999999999999,1.0,0.004653439153439153,0.0002162433862433861,0.013105234788359791,1.0,1.0,1.0
8.0,19,1.0,1.0,1.0,1.0,1.0,1.0,0.032591228070175435,4.093567251461969e-06,0.09774702850877194,0.9411764705882353,0.8421052631578948,1.0
10.0,32,0.9980392156862745,0.9882352941176471,1.0,0.9967320261437909,0.9823529411764707,1.0,0.033982204861111115,9.548611111111394e-07,0.09900486111111112,0.9714285714285714,0.9189189189189189,1.0
