snr,n,auc,auc_ci_lo,auc_ci_hi,ap,ap_ci_lo,ap_ci_hi,brier,brier_ci_lo,brier_ci_hi,f1,f1_ci_lo,f1_ci_hi
2.0,21,0.2962962962962963,0.08333333333333336,0.5326388888888887,0.48640159791475585,0.42694810945633316,0.6862592840166369,0.5889218714467581,0.5447624231398974,0.6487283566387182,0.0,0.0,0.0
3.0,23,0.3,0.08461538461538462,0.5230769230769231,0.49379052170814186,0.4199847437982229,0.6868831561500653,0.562206889122015,0.5590220751678718,0.5648145182101648,0.0,0.0,0.0
4.0,14,0.7291666666666666,0.42656250000000007,1.0,0.8708791208791209,0.713952922077922,1.0,0.358146796987491,0.19403295016957225,0.5152057565640062,0.4,0.0,0.7205128205128182
5.0,20,0.96875,0.875,1.0,0.9526289682539683,0.8252083333333333,1.0,0.053672450742044776,0.0031852883949714853,0.14413489996655307,0.9411764705882353,0.8421052631578948,1.0
6.0,21,1.0,1.0,1.0,0.9999999999999999,0.9999999999999999,1.0,0.03216048527008689,0.0007582407613091375,0.09299460068889517,0.9523809523809523,0.8695652173913044,1.0
8.0,19,1.0,1.0,1.0,1.0,1.0,1.0,0.04765833066389194,0.0003807837646777495,0.14192975174724415,0.9411764705882353,0.8421052631578948,1.0
10.0,32,0.9843137254901961,0.9391176470588235,1.0,0.9856737793156478,0.9491075531188898,1.0,0.029930615061883055,0.0006839332724975145,0.08785355903143076,0.9714285714285714,0.9189189189189189,1.0
