snr,n,auc,auc_ci_lo,auc_ci_hi,ap,ap_ci_lo,ap_ci_hi,brier,brier_ci_lo,brier_ci_hi,f1,f1_ci_lo,f1_ci_hi
2.0,21,0.3148148148148148,0.09699074074074078,0.5462962962962964,0.49163035608469047,0.42927493139349754,0.6891915394546972,0.5741784923163197,0.5357844917184312,0.6102853349328582,0.0,0.0,0.0
3.0,23,0.4769230769230769,0.21903846153846154,0.7230769230769231,0.5406598123497592,0.45210065877080924,0.7601663594919299,0.5629595014974056,0.5610325980419082,0.5647280159387797,0.0,0.0,0.0
4.0,14,0.7083333333333333,0.4057291666666667,0.9583333333333334,0.8526785714285714,0.6818925865800866,0.975,0.40686557136820595,0.27154865699003294,0.5295088003816465,0.2222222222222222,0.0,0.5454545454545454
5.0,20,0.9479166666666666,0.8125,1.0,0.906795634920635,0.7409862012987013,1.0,0.08044266088196352,0.015069632545847951,0.16985743414907606,0.875,0.6666666666666666,1.0
6.0,21,0.9909090909090909,0.9545454545454545,1.0,0.9909090909090909,0.9588636363636363,1.0,0.03072070002286733,0.001955631503546853,0.07834268668077606,0.9523809523809523,0.8695652173913044,1.0
8.0,19,1.0,1.0,1.0,1.0,1.0,1.0,0.044613861721256164,0.0002432952000247014,0.132975348890735,0.9411764705882353,0.8421052631578948,1.0
10.0,32,0.9921568627450981,0.9647058823529412,1.0,0.9932718185313341,0.9725735294117648,1.0,0.030175502631900903,0.0005080963187443815,0.08867567216512734,0.9714285714285714,0.9189189189189189,1.0
