snr,n,auc,auc_ci_lo,auc_ci_hi,ap,ap_ci_lo,ap_ci_hi,brier,brier_ci_lo,brier_ci_hi,f1,f1_ci_lo,f1_ci_hi
2.0,21,0.42592592592592593,0.18032407407407408,0.6807870370370368,0.6053238367383105,0.4681043377918378,0.7999850800644144,0.5237928694506787,0.4285475898312833,0.5714281828288086,0.15384615384615385,0.0,0.4
3.0,23,0.2692307692307693,0.06923076923076923,0.5076923076923077,0.5649335943218027,0.41989763829302484,0.7331944022161414,0.5649768491091063,0.564631589035379,0.5652064490267773,0.0,0.0,0.0
4.0,14,0.7291666666666666,0.42656250000000007,1.0,0.8581730769230769,0.7060788170163169,1.0,0.44886551830415844,0.3060082492011357,0.568139979175387,0.2222222222222222,0.0,0.5454545454545454
5.0,20,0.96875,0.875,1.0,0.9526289682539683,0.8104924242424243,1.0,0.2294992876647936,0.09469710241076988,0.3374519713689294,0.5454545454545454,0.2222222222222222,0.8571428571428571
6.0,21,1.0,1.0,1.0,0.9999999999999999,0.9999999999999999,1.0,0.05812647340488122,0.002198707263098003,0.1622365417349778,0.9473684210526316,0.8235294117647058,1.0
8.0,19,1.0,1.0,1.0,1.0,1.0,1.0,2.9538678853370527e-06,1.7874477892020722e-07,7.77870399303221e-06,1.0,1.0,1.0
10.0,32,1.0,1.0,1.0,1.0,1.0,1.0,4.235992131481045e-06,2.9313280534931398e-08,1.2238275752939189e-05,1.0,1.0,1.0
