snr,n,auc,auc_ci_lo,auc_ci_hi,ap,ap_ci_lo,ap_ci_hi,brier,brier_ci_lo,brier_ci_hi,f1,f1_ci_lo,f1_ci_hi
2.0,21,0.36111111111111116,0.12962962962962962,0.6067129629629627,0.5610613515025279,0.4451285273034499,0.7503886847801321,0.5238078989314635,0.4285690036644092,0.5714285498857677,0.15384615384615385,0.0,0.4
3.0,23,0.4230769230769231,0.1882692307692308,0.6461538461538462,0.6148965484643234,0.4798324275362319,0.7847235399699755,0.5413794623416506,0.4950015614894504,0.5652084143866538,0.0,0.0,0.0
4.0,14,0.9375,0.75,1.0,0.9659090909090909,0.8834821428571429,1.0,0.43602097650094696,0.29509551881679097,0.5472459662549487,0.2222222222222222,0.0,0.5454545454545454
5.0,20,0.9895833333333333,0.9375,1.0,0.9861111111111112,0.925,1.0,0.07264726394773538,0.013467411151360227,0.1597693681617262,0.8571428571428571,0.5454545454545454,1.0
6.0,21,1.0,1.0,1.0,0.9999999999999999,0.9999999999999999,1.0,0.0065424628528775374,1.0076279392363804e-05,0.019562942787679408,1.0,1.0,1.0
8.0,19,1.0,1.0,1.0,1.0,1.0,1.0,4.281906712364795e-07,7.011409295100966e-08,9.007412755297748e-07,1.0,1.0,1.0
10.0,32,1.0,1.0,1.0,1.0,1.0,1.0,0.00018725749781055382,2.2679163971795786e-07,0.000533962430801032,1.0,1.0,1.0
