snr,n,auc,auc_ci_lo,auc_ci_hi,ap,ap_ci_lo,ap_ci_hi,brier,brier_ci_lo,brier_ci_hi,f1,f1_ci_lo,f1_ci_hi
2.0,21,0.638888888888889,0.4722222222222223,0.8245370370370366,0.6708333333333333,0.5542857142857143,0.8401785714285706,0.5323306878306878,0.4760934391534391,0.567272380952381,0.0,0.0,0.0
3.0,23,0.8846153846153846,0.7692307692307692,1.0,0.8996655518394647,0.7993311036789297,1.0,0.4971647342995169,0.46850780193236713,0.5223024154589372,0.0,0.0,0.0
4.0,14,1.0,1.0,1.0,1.0,1.0,1.0,0.3494730158730159,0.22617992063492065,0.45532960317460314,0.4,0.0,0.7205128205128182
5.0,20,1.0,0.9999999999999999,1.0,1.0,1.0,1.0,0.05311277777777777,0.009597430555555555,0.10183915277777775,0.8571428571428571,0.5454545454545454,1.0
6.0,21,1.0,1.0,1.0,1.0,1.0,1.0,0.011817460317460322,0.0003851058201058209,0.02932874338624339,1.0,1.0,1.0
8.0,19,1.0,1.0,1.0,1.0,1.0,1.0,0.005177192982456141,2.339181286549708e-06,0.01551461988304094,1.0,1.0,1.0
10.0,32,1.0,1.0,1.0,1.0,1.0,1.0,0.012351041666666668,5.727430555555561e-05,0.03603234375,0.9714285714285714,0.9189189189189189,1.0
