snr,n,auc,auc_ci_lo,auc_ci_hi,ap,ap_ci_lo,ap_ci_hi,brier,brier_ci_lo,brier_ci_hi,f1,f1_ci_lo,f1_ci_hi
2.0,21,0.2777777777777778,0.08333333333333334,0.49074074074074076,0.5280679585149399,0.4236759406636535,0.6991324665831244,0.5367574470254607,0.4751163861369933,0.5715034629683712,0.0,0.0,0.0
3.0,23,0.7153846153846154,0.4959615384615385,0.9271153846153846,0.8387030091307506,0.7164033533110603,0.9586370573870572,0.49229622158630193,0.4358160270266884,0.5329579433336524,0.0,0.0,0.0
4.0,14,0.7916666666666667,0.5,1.0,0.900974025974026,0.7678571428571428,1.0,0.36414589259511315,0.20968668453173725,0.5063765319837592,0.4,0.0,0.7205128205128182
5.0,20,0.9895833333333333,0.9375,1.0,0.9861111111111112,0.9318181818181819,1.0,0.06161050057600882,0.01771127337101261,0.12510729694853664,0.9333333333333333,0.7692307692307693,1.0
6.0,21,1.0,1.0,1.0,0.9999999999999999,0.9999999999999999,1.0,0.013035934264860964,0.000536516279666661,0.033081824729344615,1.0,1.0,1.0
8.0,19,1.0,1.0,1.0,1.0,1.0,1.0,0.001151360295715798,5.9364348058881456e-05,0.003238651243981549,1.0,1.0,1.0
10.0,32,1.0,1.0,1.0,1.0,1.0,1.0,0.020170975425162278,0.00035404280392268444,0.058493724381445546,0.9714285714285714,0.9189189189189189,1.0
