snr,n,auc,auc_ci_lo,auc_ci_hi,ap,ap_ci_lo,ap_ci_hi,brier,brier_ci_lo,brier_ci_hi,f1,f1_ci_lo,f1_ci_hi
2.0,21,0.3055555555555556,0.10185185185185185,0.537037037037037,0.49461888444086594,0.43272637399257946,0.6922459676653755,0.5545417504968027,0.5266301350687883,0.5736461862098108,0.0,0.0,0.0
3.0,23,0.6076923076923078,0.3615384615384615,0.8230769230769232,0.6981352435629851,0.5498959543397692,0.8949108771663116,0.552444628864522,0.5409661058509507,0.5611479431022393,0.0,0.0,0.0
4.0,14,0.5625,0.25,0.875,0.7581807081807082,0.5658487345987346,0.9308035714285714,0.4865020499041489,0.4040923782816346,0.5530568011923485,0.0,0.0,0.0
5.0,20,0.9270833333333334,0.7916666666666666,1.0,0.8951388888888889,0.7426369724025974,1.0,0.2001631713418782,0.10924068338579146,0.27612329247654466,0.4,0.0,0.7692307692307693
6.0,21,1.0,1.0,1.0,0.9999999999999999,0.9999999999999999,1.0,0.04077921949948286,0.00280438860049969,0.11208795425001995,0.9473684210526316,0.8235294117647058,1.0
8.0,19,1.0,1.0,1.0,1.0,1.0,1.0,0.025641178869951993,0.00014488961506418834,0.07388026049743149,0.9333333333333333,0.7692307692307693,1.0
10.0,32,1.0,1.0,1.0,1.0,1.0,1.0,0.0018370876243631639,0.00018042616600638385,0.0045195934272446335,1.0,1.0,1.0
