snr,n,auc_base,auc_high,delta_auc,ap_base,ap_high,delta_ap,brier_base,brier_high,delta_brier,f1_base,f1_high,delta_f1
2.0,21,0.9444444444444444,0.3055555555555556,-0.6388888888888888,0.9510602823102824,0.49461888444086594,-0.45644139786941645,0.12136139151084054,0.5545417504968027,0.43318035898596213,0.761904761904762,0.0,-0.761904761904762
3.0,23,0.976923076923077,0.6076923076923078,-0.36923076923076925,0.9821780783319243,0.6981352435629851,-0.2840428347689392,0.08330848899720512,0.552444628864522,0.46913613986731684,0.8695652173913044,0.0,-0.8695652173913044
4.0,14,1.0,0.5625,-0.4375,1.0,0.7581807081807082,-0.24181929181929185,0.13590217313237302,0.4865020499041489,0.3505998767717759,0.6666666666666666,0.0,-0.6666666666666666
5.0,20,1.0,0.9270833333333334,-0.07291666666666663,1.0,0.8951388888888889,-0.10486111111111107,0.020522236613243917,0.2001631713418782,0.17964093472863427,0.9411764705882353,0.4,-0.5411764705882353
6.0,21,0.9909090909090909,1.0,0.00909090909090915,0.9909090909090909,0.9999999999999999,0.009090909090909038,0.04784739637501806,0.04077921949948286,-0.007068176875535195,0.9523809523809523,0.9473684210526316,-0.005012531328320691
8.0,19,1.0,1.0,0.0,1.0,1.0,0.0,0.06507508953869094,0.025641178869951993,-0.03943391066873895,0.888888888888889,0.9333333333333333,0.0444444444444444
10.0,32,0.9921568627450981,1.0,0.007843137254901933,0.9932718185313341,1.0,0.006728181468665939,0.03612205806626832,0.0018370876243631639,-0.034284970441905156,0.9714285714285714,1.0,0.02857142857142858
