snr,n,auc,auc_ci_lo,auc_ci_hi,ap,ap_ci_lo,ap_ci_hi,brier,brier_ci_lo,brier_ci_hi,f1,f1_ci_lo,f1_ci_hi
2.0,21,0.24074074074074076,0.02777777777777779,0.47222222222222227,0.5028293057704822,0.41202687792084075,0.6669638007689478,0.5506924697480141,0.5092505066137828,0.5714209499961936,0.0,0.0,0.0
3.0,23,0.8538461538461538,0.6805769230769231,0.976923076923077,0.9118031765805041,0.801378205128205,0.9855769230769231,0.3476076125030765,0.24702695585305143,0.45394454125628275,0.375,0.0,0.631578947368421
4.0,14,1.0,0.9999999999999999,1.0,1.0,1.0,1.0,0.1089489053707662,0.03899722584159495,0.2234776267049056,0.9333333333333333,0.7692307692307693,1.0
5.0,20,1.0,0.9999999999999999,1.0,1.0,1.0,1.0,0.012951945478406768,0.00038696922763540334,0.03639187261547776,1.0,1.0,1.0
6.0,21,1.0,1.0,1.0,0.9999999999999999,0.9999999999999999,1.0,0.011811936526609381,0.0002505078889076222,0.034324080508315105,1.0,1.0,1.0
8.0,19,1.0,1.0,1.0,1.0,1.0,1.0,0.039756944088828176,3.7632286586201723e-06,0.11923017275367236,0.9411764705882353,0.8421052631578948,1.0
10.0,32,1.0,1.0,1.0,1.0,1.0,1.0,0.030141693491762385,9.22453907055796e-06,0.08729793800103187,0.9714285714285714,0.9189189189189189,1.0
