snr,n,auc,auc_ci_lo,auc_ci_hi,ap,ap_ci_lo,ap_ci_hi,brier,brier_ci_lo,brier_ci_hi,f1,f1_ci_lo,f1_ci_hi
2.0,21,0.20370370370370372,0.009259259259259262,0.4351851851851852,0.49165714459832105,0.4072533387664967,0.6443092384213223,0.5516801967342159,0.5122033104421062,0.5714218902880264,0.0,0.0,0.0
3.0,23,0.8307692307692307,0.6461538461538462,0.9692307692307692,0.8979536489151871,0.786605706385118,0.9786324786324787,0.5284499858865545,0.5065250526462802,0.5469714416471986,0.0,0.0,0.0
4.0,14,1.0,0.9999999999999999,1.0,1.0,1.0,1.0,0.34100908116134565,0.24541911926509144,0.43792936431807156,0.2222222222222222,0.0,0.5454545454545454
5.0,20,0.9791666666666666,0.90625,1.0,0.9704861111111112,0.8875,1.0,0.0651634255937695,0.020133619434251585,0.11828241292872752,0.7999999999999999,0.5158333333333334,1.0
6.0,21,1.0,1.0,1.0,0.9999999999999999,0.9999999999999999,1.0,0.020020262225869858,0.0036532543716231393,0.04442257047350311,1.0,1.0,1.0
8.0,19,1.0,1.0,1.0,1.0,1.0,1.0,0.024184489573935885,7.5071968086905844e-06,0.07252646121882231,0.9411764705882353,0.8421052631578948,1.0
10.0,32,1.0,1.0,1.0,1.0,1.0,1.0,0.026139426634184428,1.5107019962187972e-05,0.07725875996642001,0.9714285714285714,0.9189189189189189,1.0
