snr,n,auc,auc_ci_lo,auc_ci_hi,ap,ap_ci_lo,ap_ci_hi,brier,brier_ci_lo,brier_ci_hi,f1,f1_ci_lo,f1_ci_hi
2.0,21,0.4490740740740741,0.2638888888888889,0.6437499999999998,0.5869047619047619,0.5198412698412698,0.7177827380952381,0.5495845238095239,0.5039889252645504,0.5734925992063493,0.0,0.0,0.0
3.0,23,0.8076923076923077,0.6380769230769231,0.9346153846153846,0.8414344109996283,0.7196209587513935,0.9488037046565475,0.5167239130434783,0.47620255434782605,0.545615018115942,0.0,0.0,0.0
4.0,14,1.0,1.0,1.0,1.0,1.0,1.0,0.26616527777777776,0.1774596974206349,0.36561196428571424,0.2222222222222222,0.0,0.5454545454545454
5.0,20,1.0,1.0,1.0,1.0,1.0,1.0,0.03823763888888889,0.01598503472222222,0.06454475694444445,1.0,1.0,1.0
6.0,21,1.0,1.0,1.0,1.0,0.9999999999999999,1.0,0.01476058201058201,0.00012489417989417975,0.043896236772486774,0.9523809523809523,0.8695652173913044,1.0
8.0,19,1.0,1.0,1.0,1.0,1.0,1.0,0.02356169590643275,4.3128654970762273e-07,0.07062432383040937,0.9411764705882353,0.8421052631578948,1.0
10.0,32,0.9843137254901961,0.9372549019607843,1.0,0.9856737793156478,0.9433508746635909,1.0,0.03283689236111111,2.6896701388888936e-05,0.09654720052083332,0.9714285714285714,0.9189189189189189,1.0
