snr,n,auc,auc_ci_lo,auc_ci_hi,ap,ap_ci_lo,ap_ci_hi,brier,brier_ci_lo,brier_ci_hi,f1,f1_ci_lo,f1_ci_hi
2.0,21,0.41666666666666674,0.22905092592592596,0.5998842592592589,0.5595238095238094,0.530952380952381,0.696111111111111,0.561202380952381,0.5397870734126983,0.5728796296296297,0.0,0.0,0.0
3.0,23,0.8423076923076922,0.668846153846154,0.9615384615384616,0.8678862200601332,0.7371393823567736,0.9665551839464883,0.5380797101449275,0.5124172071256038,0.5552618629227053,0.0,0.0,0.0
4.0,14,1.0,1.0,1.0,1.0,1.0,1.0,0.35875079365079365,0.26043977678571434,0.45077797619047616,0.2222222222222222,0.0,0.5454545454545454
5.0,20,0.9479166666666667,0.8125,1.0,0.906795634920635,0.7359314123376623,1.0,0.12491486111111112,0.06103787152777778,0.18140574652777774,0.5454545454545454,0.2222222222222222,0.8571428571428571
6.0,21,1.0,1.0,1.0,1.0,1.0,1.0,0.02400357142857143,0.004105988756613757,0.05690667989417989,0.9523809523809523,0.8695652173913044,1.0
8.0,19,1.0,1.0,1.0,1.0,1.0,1.0,0.008497222222222224,5.080409356725383e-07,0.025407657163742693,1.0,1.0,1.0
10.0,32,0.9843137254901961,0.9372549019607843,1.0,0.9856737793156478,0.9433508746635909,1.0,0.03152178819444444,3.453993055555549e-05,0.09411889973958333,0.9714285714285714,0.9189189189189189,1.0
