snr,n,auc_base,auc_high,delta_auc,ap_base,ap_high,delta_ap,brier_base,brier_high,delta_brier,f1_base,f1_high,delta_f1
2.0,21,1.0,0.20370370370370372,-0.7962962962962963,1.0,0.5028048705680285,-0.4971951294319715,0.005334822492143467,0.5242318125556309,0.5188969900634874,1.0,0.15384615384615385,-0.8461538461538461
3.0,23,1.0,0.6384615384615384,-0.3615384615384616,0.9999999999999998,0.7722189646102688,-0.22778103538973093,0.005383533538397026,0.5342287359231777,0.5288452023847806,1.0,0.0,-1.0
4.0,14,1.0,0.9791666666666667,-0.02083333333333326,1.0,0.9861111111111112,-0.01388888888888884,0.00010077800533543633,0.37838624064504506,0.37828546263970964,1.0,0.2222222222222222,-0.7777777777777778
5.0,20,1.0,1.0,0.0,1.0,1.0,0.0,0.0004512826832433251,0.05875509627760787,0.05830381359436454,1.0,0.8571428571428571,-0.1428571428571429
6.0,21,1.0,1.0,0.0,0.9999999999999999,0.9999999999999999,0.0,0.0011555914903286517,0.008853640878188053,0.007698049387859401,1.0,1.0,0.0
8.0,19,1.0,1.0,0.0,1.0,1.0,0.0,0.01303073885426166,0.0021371561345089247,-0.010893582719752735,1.0,1.0,0.0
10.0,32,0.996078431372549,1.0,0.0039215686274509665,0.9967320261437909,1.0,0.0032679738562091387,0.028390040633376946,0.01735123862236087,-0.011038802011016077,0.9444444444444444,0.9714285714285714,0.026984126984127
