snr,n,auc,auc_ci_lo,auc_ci_hi,ap,ap_ci_lo,ap_ci_hi,brier,brier_ci_lo,brier_ci_hi,f1,f1_ci_lo,f1_ci_hi
2.0,21,0.20370370370370372,0.0,0.3981481481481482,0.5028048705680285,0.4115817554478545,0.6650935109620771,0.5242318125556309,0.4287948960333528,0.5736694323772984,0.15384615384615385,0.0,0.4
3.0,23,0.6384615384615384,0.38461538461538464,0.8538461538461539,0.7722189646102688,0.5884091191477332,0.9315901489814533,0.5342287359231777,0.5081147187134698,0.5515734362947552,0.0,0.0,0.0
4.0,14,0.9791666666666667,0.9166666666666666,1.0,0.9861111111111112,0.9470833333333333,1.0,0.37838624064504506,0.27581021073431766,0.46474231906586017,0.2222222222222222,0.0,0.5454545454545454
5.0,20,1.0,0.9999999999999999,1.0,1.0,1.0,1.0,0.05875509627760787,0.011780246314104981,0.11519170835179193,0.8571428571428571,0.5454545454545454,1.0
6.0,21,1.0,1.0,1.0,0.9999999999999999,0.9999999999999999,1.0,0.008853640878188053,0.0007555372643260765,0.0239145979545931,1.0,1.0,1.0
8.0,19,1.0,1.0,1.0,1.0,1.0,1.0,0.0021371561345089247,3.062491415773335e-05,0.005898602740441145,1.0,1.0,1.0
10.0,32,1.0,1.0,1.0,1.0,1.0,1.0,0.01735123862236087,0.0003213020557405737,0.04858197534459248,0.9714285714285714,0.9189189189189189,1.0
