snr,n,auc,auc_ci_lo,auc_ci_hi,ap,ap_ci_lo,ap_ci_hi,brier,brier_ci_lo,brier_ci_hi,f1,f1_ci_lo,f1_ci_hi
2.0,21,0.1851851851851852,0.0,0.3844907407407405,0.497923334620316,0.4093857053106279,0.6616273432449903,0.5233025372271063,0.42829338147134055,0.5721978943931946,0.15384615384615385,0.0,0.4
3.0,23,0.7,0.44538461538461543,0.9230769230769232,0.8585228653878538,0.720136542911479,0.9665551839464884,0.2635774848590049,0.14805450298665748,0.3894602777512246,0.631578947368421,0.2666666666666667,0.8181818181818181
4.0,14,1.0,0.9999999999999999,1.0,1.0,1.0,1.0,0.02684932340893666,0.0009664295857841864,0.06989916238982334,0.9333333333333333,0.7692307692307693,1.0
5.0,20,1.0,0.9999999999999999,1.0,1.0,1.0,1.0,0.0020757502415437988,0.00012383459635499755,0.00522786729688777,1.0,1.0,1.0
6.0,21,1.0,1.0,1.0,0.9999999999999999,0.9999999999999999,1.0,0.00012641285985918958,5.228275898353468e-05,0.00021907377714135062,1.0,1.0,1.0
8.0,19,1.0,1.0,1.0,1.0,1.0,1.0,0.011263308454819838,2.8994592344719858e-05,0.03002594656431114,1.0,1.0,1.0
10.0,32,1.0,1.0,1.0,1.0,1.0,1.0,0.026201501429341894,0.00040790467404418614,0.07484370702598662,0.9714285714285714,0.9189189189189189,1.0
