{
  "auc": 1.0,
  "ap": 0.9999999999999998,
  "brier": 0.006108562963062516,
  "f1": 1.0
}