{
  "auc": 1.0,
  "ap": 0.9999999999999998,
  "brier": 0.0004074057120300385,
  "f1": 1.0
}