{
  "auc": 0.9881913959613696,
  "ap": 0.9866028649347859,
  "brier": 0.04341011196480577,
  "f1": 0.9388950832725274
}