{
  "auc": 0.9931981118113434,
  "ap": 0.9923378668636739,
  "brier": 0.029599174603174606,
  "f1": 0.9618935165306999
}