{
  "auc": 0.9944035530111996,
  "ap": 0.992768271448951,
  "brier": 0.022829091070881213,
  "f1": 0.9702147647921873
}