{
  "logreg": {
    "cv_auc": 0.9807558784776094,
    "val": {
      "auc": 0.9887782805429864,
      "ap": 0.9920149334634205,
      "brier": 0.04359093331001104,
      "f1": 0.9467455621301775
    }
  },
  "svm_rbf": {
    "cv_auc": 0.9806740538510776,
    "val": {
      "auc": 0.9842533936651584,
      "ap": 0.9897587612098246,
      "brier": 0.05175711902262219,
      "f1": 0.9390243902439025
    }
  },
  "rf": {
    "cv_auc": 0.9965676252099694,
    "val": {
      "auc": 1.0,
      "ap": 1.0,
      "brier": 0.0033661481481481476,
      "f1": 1.0
    }
  }
}