{
  "logreg": {
    "cv_auc": 0.9855764322358127,
    "val": {
      "auc": 0.9737556561085974,
      "ap": 0.9755065368250636,
      "brier": 0.05522439565926903,
      "f1": 0.9431818181818181
    }
  },
  "svm_rbf": {
    "cv_auc": 0.9739329390517197,
    "val": {
      "auc": 0.9527601809954751,
      "ap": 0.9587482499872266,
      "brier": 0.08284167365557407,
      "f1": 0.9101123595505618
    }
  },
  "rf": {
    "cv_auc": 0.9958741830065361,
    "val": {
      "auc": 1.0,
      "ap": 1.0,
      "brier": 0.004969574074074074,
      "f1": 1.0
    }
  }
}