{
  "logreg": {
    "cv_auc": 0.9881913959613696,
    "val": {
      "auc": 0.9949321266968326,
      "ap": 0.9960518086231678,
      "brier": 0.03323412303090745,
      "f1": 0.9647058823529412
    }
  },
  "svm_rbf": {
    "cv_auc": 0.9944035530111996,
    "val": {
      "auc": 1.0,
      "ap": 0.9999999999999997,
      "brier": 0.003994409152785315,
      "f1": 0.9940828402366864
    }
  },
  "rf": {
    "cv_auc": 0.9931981118113434,
    "val": {
      "auc": 1.0,
      "ap": 1.0,
      "brier": 0.005280314814814815,
      "f1": 1.0
    }
  }
}