{
  "logreg": {
    "cv_auc": 1.0,
    "val": {
      "auc": 1.0,
      "ap": 0.9999999999999997,
      "brier": 0.0066792027085181525,
      "f1": 1.0
    }
  },
  "svm_rbf": {
    "cv_auc": 1.0,
    "val": {
      "auc": 1.0,
      "ap": 0.9999999999999997,
      "brier": 0.0029263488193692526,
      "f1": 0.9940828402366864
    }
  },
  "rf": {
    "cv_auc": 1.0,
    "val": {
      "auc": 1.0,
      "ap": 1.0,
      "brier": 1.1555555555555548e-05,
      "f1": 1.0
    }
  }
}