component,mean,std,ci_lo,ci_hi,n
embedding,7.379666666572268e-05,2.7982327962780357e-05,6.378331920439738e-05,8.381001412704797e-05,30
vr_pd,3.4883527333333335,2.9488510808282595,2.43311992628049,4.543585540386177,30
pi,0.20610609000000035,0.07900876650636494,0.17783316601128646,0.23437901398871425,30
pl,0.07755207666666598,0.030753647152714506,0.06654702536954976,0.0885571279637822,30
bc,0.004663946666666667,0.0007072886572284137,0.004410846671208726,0.004917046662124607,30
