{
  "auc": 0.9737556561085974,
  "ap": 0.9755065368250636,
  "brier": 0.05522439565926903,
  "f1": 0.9431818181818181
}