{
  "auc": 0.9527601809954751,
  "ap": 0.9587482499872266,
  "brier": 0.08284167365557407,
  "f1": 0.9101123595505618
}