{
  "auc": 0.9887782805429864,
  "ap": 0.9920149334634205,
  "brier": 0.04359093331001104,
  "f1": 0.9467455621301775
}