{
  "auc": 0.9842533936651584,
  "ap": 0.9897587612098246,
  "brier": 0.05175711902262219,
  "f1": 0.9390243902439025
}