{
  "auc": 1.0,
  "ap": 0.9999999999999997,
  "brier": 0.0066792027085181525,
  "f1": 1.0
}