{
  "auc": 1.0,
  "ap": 0.9999999999999997,
  "brier": 0.0029263488193692526,
  "f1": 0.9940828402366864
}