sm,st,auc,ap,brier,f1,delta_auc,delta_ap,delta_brier,delta_f1
0.9,0.9,,,2.015473177833293e-05,,,,0.0,
0.9,1.0,,,2.015473177833293e-05,,,,0.0,
0.9,1.1,,,2.015473177833293e-05,,,,0.0,
1.0,0.9,,,2.015473177833293e-05,,,,0.0,
1.0,1.0,,,2.015473177833293e-05,,,,0.0,
1.0,1.1,,,2.015473177833293e-05,,,,0.0,
1.1,0.9,,,2.015473177833293e-05,,,,0.0,
1.1,1.0,,,2.015473177833293e-05,,,,0.0,
1.1,1.1,,,2.015473177833293e-05,,,,0.0,
