sm,st,auc,ap,brier,f1,delta_auc,delta_ap,delta_brier,delta_f1
0.9,0.9,,,8.666666666666663e-06,,,,0.0,
0.9,1.0,,,8.666666666666663e-06,,,,0.0,
0.9,1.1,,,8.666666666666663e-06,,,,0.0,
1.0,0.9,,,8.666666666666663e-06,,,,0.0,
1.0,1.0,,,8.666666666666663e-06,,,,0.0,
1.0,1.1,,,8.666666666666663e-06,,,,0.0,
1.1,0.9,,,8.666666666666663e-06,,,,0.0,
1.1,1.0,,,8.666666666666663e-06,,,,0.0,
1.1,1.1,,,8.666666666666663e-06,,,,0.0,
