sm,st,auc,ap,brier,f1,delta_auc,delta_ap,delta_brier,delta_f1
0.9,0.9,,,0.004282766873428794,,,,0.0,
0.9,1.0,,,0.004282766873428794,,,,0.0,
0.9,1.1,,,0.004282766873428794,,,,0.0,
1.0,0.9,,,0.004282766873428794,,,,0.0,
1.0,1.0,,,0.004282766873428794,,,,0.0,
1.0,1.1,,,0.004282766873428794,,,,0.0,
1.1,0.9,,,0.004282766873428794,,,,0.0,
1.1,1.0,,,0.004282766873428794,,,,0.0,
1.1,1.1,,,0.004282766873428794,,,,0.0,
