{
  "grid_size": [
    50,
    50
  ],
  "sigma_frac": 0.05,
  "weight": "p",
  "bounds": {
    "bmin": -0.08442377090454102,
    "bmax": 4.305612316131592,
    "pmin": 0.0,
    "pmax": 4.129324147701263
  }
}