{
  "auc": 0.9855764322358127,
  "ap": 0.9792044084450566,
  "brier": 0.03737390102434469,
  "f1": 0.9480909591164093
}