{
  "auc": 0.9958741830065361,
  "ap": 0.9953332719166592,
  "brier": 0.022862781746031745,
  "f1": 0.9751387635698873
}