{
  "auc": 0.9739329390517197,
  "ap": 0.9607698994830194,
  "brier": 0.05847045409089011,
  "f1": 0.9195736541031788
}