{
  "auc": 0.9807558784776094,
  "ap": 0.9764182763317774,
  "brier": 0.05017523252504093,
  "f1": 0.9360693256060829
}