{
  "auc": 0.9965676252099694,
  "ap": 0.9961055306244575,
  "brier": 0.02202771428571429,
  "f1": 0.9693982236423869
}