{
  "auc": 0.9806740538510776,
  "ap": 0.973498299879202,
  "brier": 0.0525540973024182,
  "f1": 0.919959546001264
}