{
  "auc": 0.9949321266968326,
  "ap": 0.9960518086231678,
  "brier": 0.03323412303090745,
  "f1": 0.9647058823529412
}